,hoopR_ID,athlete,nba_api_ID
0,136,Vince Carter,1713
1,165,Jamal Crawford,2037
2,272,Manu Ginobili,1938
3,609,Dirk Nowitzki,1717
4,841,Jason Terry,1891
5,984,Tyson Chandler,2199
6,996,Pau Gasol,2200
7,1006,Richard Jefferson,2210
8,1007,Joe Johnson,2207
9,1015,Tony Parker,2225
10,1017,Zach Randolph,2216
11,1966,LeBron James,2544
12,1975,Carmelo Anthony,2546
13,1978,Nick Collison,2555
14,1987,Dwyane Wade,2548
15,2011,Kyle Korver,2594
16,2016,Zaza Pachulia,2585
17,2018,Kendrick Perkins,2570
18,2177,David West,2561
19,2184,Udonis Haslem,2617
20,2367,Tony Allen,2754
21,2382,Devin Harris,2734
22,2384,Dwight Howard,2730
23,2386,Andre Iguodala,2738
24,2389,Al Jefferson,2744
25,2393,Shaun Livingston,2733
26,2399,Emeka Okafor,2731
27,2411,Josh Smith,2746
28,2419,Anderson Varejao,2760
29,2426,Trevor Ariza,2772
30,2429,Luol Deng,2736
31,2439,Jameer Nelson,2749
32,2444,JR Smith,2747
33,2506,Damien Wilkins,2863
34,2747,Andrew Bogut,101106
35,2753,Raymond Felton,101109
36,2754,Channing Frye,101112
37,2758,Marcin Gortat,101162
38,2761,Gerald Green,101123
39,2767,Ersan Ilyasova,101141
40,2768,Jarrett Jack,101127
41,2769,Amir Johnson,101161
42,2774,Ian Mahinmi,101133
43,2778,CJ Miles,101139
44,2779,Chris Paul,101108
45,2797,Marvin Williams,101107
46,2799,Lou Williams,101150
47,2806,Jose Calderon,101181
48,2983,LaMarcus Aldridge,200746
49,3005,Rudy Gay,200752
50,3012,Kyle Lowry,200768
51,3015,Paul Millsap,200794
52,3024,JJ Redick,200755
53,3026,Rajon Rondo,200765
54,3028,Thabo Sefolosha,200757
55,3033,P.J. Tucker,200782
56,3055,J.J. Barea,200826
57,3187,Arron Afflalo,201167
58,3190,Marco Belinelli,201158
59,3192,Aaron Brooks,201166
60,3194,Wilson Chandler,201163
61,3195,Mike Conley,201144
62,3201,Jared Dudley,201162
63,3202,Kevin Durant,201142
64,3206,Marc Gasol,201188
65,3209,Jeff Green,201145
66,3213,Al Horford,201143
67,3220,Josh McRoberts,201177
68,3224,Joakim Noah,201149
69,3231,Ramon Sessions,201196
70,3232,Jason Smith,201160
71,3242,Brandan Wright,201148
72,3243,Nick Young,201156
73,3244,Thaddeus Young,201152
74,3276,Anthony Tolliver,201229
75,3412,Ryan Anderson,201583
76,3413,Darrell Arthur,201589
77,3414,Omer Asik,201600
78,3415,D.J. Augustin,201571
79,3416,Nicolas Batum,201587
80,3417,Jerryd Bayless,201573
81,3418,Michael Beasley,201563
82,3419,Mario Chalmers,201596
83,3423,Goran Dragic,201609
84,3428,Danilo Gallinari,201568
85,3431,Eric Gordon,201569
86,3438,George Hill,201588
87,3439,Serge Ibaka,201586
88,3442,DeAndre Jordan,201599
89,3444,Kosta Koufos,201585
90,3445,Courtney Lee,201584
91,3447,Robin Lopez,201577
92,3448,Brook Lopez,201572
93,3449,Kevin Love,201567
94,3451,Luc Mbah a Moute,201601
95,3452,JaVale McGee,201580
96,3456,Derrick Rose,201565
97,3460,Marreese Speights,201578
98,3468,Russell Westbrook,201566
99,3472,Bobby Brown,201628
100,3554,Omri Casspi,201956
101,3964,Patrick Beverley,201976
102,3970,DeMarre Carroll,201960
103,3973,Darren Collison,201954
104,3974,Dante Cunningham,201967
105,3975,Stephen Curry,201939
106,3978,DeMar DeRozan,201942
107,3981,Wayne Ellington,201961
108,3983,Tyreke Evans,201936
109,3986,Taj Gibson,201959
110,3988,Danny Green,201980
111,3989,Blake Griffin,201933
112,3992,James Harden,201935
113,3995,Jrue Holiday,201950
114,3997,Brandon Jennings,201943
115,3998,Jonas Jerebko,201973
116,3999,James Johnson,201949
117,4003,Jodie Meeks,201975
118,4004,Patty Mills,201988
119,4011,Ricky Rubio,201937
120,4015,Jeff Teague,201952
121,4023,Garrett Temple,202066
122,4032,Wesley Matthews,202083
123,4192,Milos Teodosic,1628462
124,4237,John Wall,202322
125,4238,Eric Bledsoe,202339
126,4239,Evan Turner,202323
127,4240,Avery Bradley,202340
128,4243,Jordan Crawford,202348
129,4244,Lance Stephenson,202362
130,4247,Wesley Johnson,202325
131,4248,Al-Farouq Aminu,202329
132,4249,Gordon Hayward,202330
133,4250,Luke Babbitt,202337
134,4251,Paul George,202331
135,4253,Quincy Pondexter,202347
136,4257,Derrick Favors,202324
137,4258,DeMarcus Cousins,202326
138,4259,Ed Davis,202334
139,4261,Ekpe Udoh,202327
140,4262,Hassan Whiteside,202355
141,4264,Patrick Patterson,202335
142,4267,Cole Aldrich,202332
143,4269,Nemanja Bjelica,202357
144,4270,Trevor Booker,202344
145,4295,Jeremy Evans,202379
146,4298,Timofey Mozgov,202389
147,4299,Jeremy Lin,202391
148,4305,Ish Smith,202397
149,4341,Nicolo Melli,1629740
150,4385,Mirza Teletovic,203141
151,6426,Davis Bertans,202722
152,6427,Bismack Biyombo,202687
153,6428,MarShon Brooks,202705
154,6429,Alec Burks,202692
155,6430,Jimmy Butler,202710
156,6433,Kenneth Faried,202702
157,6434,Jimmer Fredette,202690
158,6440,Tobias Harris,202699
159,6442,Kyrie Irving,202681
160,6443,Reggie Jackson,202704
161,6446,Cory Joseph,202709
162,6447,Enes Freedom,202683
163,6448,Brandon Knight,202688
164,6450,Kawhi Leonard,202695
165,6452,Jon Leuer,202720
166,6453,DeAndre Liggins,202732
167,6454,Shelvin Mack,202714
168,6459,Nikola Mirotic,202703
169,6460,E'Twaun Moore,202734
170,6461,Markieff Morris,202693
171,6462,Marcus Morris Sr.,202694
172,6464,Donatas Motiejunas,202700
173,6466,Chandler Parsons,202718
174,6468,Iman Shumpert,202697
175,6469,Kyle Singler,202713
176,6472,Isaiah Thomas,202738
177,6474,Tristan Thompson,202684
178,6475,Klay Thompson,202691
179,6479,Kemba Walker,202689
180,6480,Derrick Williams,202682
181,6485,Lance Thomas,202498
182,6497,Jeremy Pargo,202951
183,6499,Xavier Silas,202918
184,6503,Dwight Buycks,202779
185,6507,Brad Wanamaker,202954
186,6543,Julyan Stone,202933
187,6576,Quincy Acy,203112
188,6578,Harrison Barnes,203084
189,6579,Will Barton,203115
190,6580,Bradley Beal,203078
191,6581,Jae Crowder,203109
192,6583,Anthony Davis,203076
193,6585,Andre Drummond,203083
194,6588,Evan Fournier,203095
195,6589,Draymond Green,203110
196,6591,Maurice Harkless,203090
197,6592,John Henson,203089
198,6597,Terrence Jones,203093
199,6601,Michael Kidd-Gilchrist,203077
200,6603,Jeremy Lamb,203087
201,6605,Meyers Leonard,203086
202,6606,Damian Lillard,203081
203,6609,Khris Middleton,203114
204,6610,Darius Miller,203121
205,6615,Kyle O'Quinn,203124
206,6616,Miles Plumlee,203101
207,6617,Austin Rivers,203085
208,6619,Terrence Ross,203082
209,6621,Tomas Satoransky,203107
210,6622,Mike Scott,203118
211,6626,Marquis Teague,203104
212,6628,Dion Waiters,203079
213,6631,Tyler Zeller,203092
214,6637,Kent Bazemore,203145
215,6644,Scott Machado,203159
216,2141179,Andre Ingram,201281
217,2198243,Aaron Jackson,1628935
218,2234666,Jonathan Gibson,1626780
219,2282117,John Holland,204066
220,2282205,Malcolm Delaney,1627098
221,2282734,Kalin Lucas,203564
222,2284101,Justin Holiday,203200
223,2325495,Larry Drew II,203580
224,2325499,C.J. Williams,203710
225,2326015,Willie Reed,203186
226,2326307,Seth Curry,203552
227,2326411,James Nunnally,203263
228,2327577,JaMychal Green,203210
229,2328418,Scotty Hopson,203816
230,2333797,Jeff Withey,203481
231,2451037,Daniel Theis,1628464
232,2488653,Mason Plumlee,203486
233,2488674,Travis Wear,204037
234,2488689,Sean Kilpatrick,203930
235,2488713,Jack Cooley,204022
236,2488826,Rodney McGruder,203585
237,2488911,Brandon Paul,203464
238,2488938,Reggie Hearn,203687
239,2488945,Tim Frazier,204025
240,2488958,Solomon Hill,203524
241,2489530,Troy Daniels,203584
242,2489663,Kelly Olynyk,203482
243,2489664,David Stockton,204065
244,2489693,Ryan Broekhoff,1629151
245,2489716,Matthew Dellavedova,203521
246,2489785,Ian Clark,203546
247,2490089,Mike Muscala,203488
248,2490149,CJ McCollum,203468
249,2490620,Robert Covington,203496
250,2491079,Nate Wolters,203489
251,2527963,Victor Oladipo,203506
252,2528096,Mike James,1628455
253,2528210,Tim Hardaway Jr.,203501
254,2528327,Kyle Collinsworth,1627858
255,2528353,Tony Snell,203503
256,2528386,Joe Young,1626202
257,2528393,Tarik Black,204028
258,2528426,Jordan Clarkson,203903
259,2528473,Okaro White,1627855
260,2528586,Walt Lemon Jr.,1627215
261,2528588,Doug McDermott,203926
262,2528693,Torrey Craig,1628470
263,2528779,Reggie Bullock Jr.,203493
264,2528787,Lorenzo Brown,203485
265,2528794,Joe Harris,203925
266,2528803,Jarell Eddie,204067
267,2530276,Tyler Johnson,204020
268,2530530,T.J. McConnell,204456
269,2530572,Langston Galloway,204038
270,2530596,Andre Roberson,203460
271,2530750,Markel Brown,203900
272,2530780,Shabazz Napier,203894
273,2530923,Alfonzo McKinnie,1628035
274,2531039,Vander Blue,203505
275,2531047,Jerian Grant,1626170
276,2531100,Adreian Payne,203940
277,2531210,Allen Crabbe,203459
278,2531352,Eric Moreland,203961
279,2531362,Anthony Brown,1626148
280,2531364,Josh Huestis,203962
281,2531367,Dwight Powell,203939
282,2531797,Jordan McRae,203895
283,2534781,Gorgui Dieng,203476
284,2566745,Quinn Cook,1626188
285,2566748,Marshall Plumlee,1627850
286,2566769,Malcolm Brogdon,1627763
287,2578185,Dorian Finney-Smith,1627827
288,2578213,Ben McLemore,203463
289,2578239,Pat Connaughton,1626192
290,2578240,Khem Birch,203920
291,2578259,Darrun Hilliard,1626199
292,2579251,Myke Henry,1627988
293,2579258,Cody Zeller,203469
294,2579260,Trey Burke,203504
295,2579293,Jarrod Uthoff,1627784
296,2579294,Frank Kaminsky,1626163
297,2579321,James Ennis III,203516
298,2579326,Alan Williams,1626210
299,2579466,Jonathon Simmons,203613
300,2579476,Jalen Jones,1627883
301,2579492,Julian Washburn,1627395
302,2580349,Ron Baker,1627758
303,2580365,Larry Nance Jr.,1626204
304,2580782,Spencer Dinwiddie,203915
305,2580898,Chasson Randle,1626184
306,2580913,Dewayne Dedmon,203473
307,2580980,Malcolm Miller,1626259
308,2581018,Kentavious Caldwell-Pope,203484
309,2581084,Johnny O'Bryant III,203948
310,2581177,Rodney Hood,203918
311,2581184,Anthony Gill,1630264
312,2581190,Josh Richardson,1626196
313,2583632,Royce O'Neale,1626220
314,2583639,Elfrid Payton,203901
315,2585637,Dairis Bertans,1629541
316,2594818,James Michael McAdoo,203949
317,2594922,Otto Porter Jr.,203490
318,2595209,Damion Lee,1627814
319,2595229,Briante Weber,1627362
320,2595231,Treveon Graham,1626203
321,2595435,Abdel Nader,1627846
322,2595516,Norman Powell,1626181
323,2595592,Jordan Loyd,1628070
324,2596107,Alex Len,203458
325,2596108,Michael Carter-Williams,203487
326,2596112,Javonte Green,1629750
327,2596158,Shane Larkin,203499
328,2608891,JaKarr Sampson,203960
329,2608892,Norvel Pelle,203658
330,2959753,Joffrey Lauvergne,203530
331,2960236,Maxi Kleber,1628467
332,2968334,Facundo Campazzo,1630267
333,2968361,Raul Neto,203526
334,2968436,Joe Ingles,204060
335,2968439,Aron Baynes,203382
336,2968458,Salah Mejri,1626257
337,2982240,Jaron Blossomgame,1628417
338,2982249,Amile Jefferson,1628518
339,2982261,Marcus Georges-Hunt,1627875
340,2982268,Jake Layman,1627774
341,2982329,Marcus Paige,1627779
342,2982330,Brice Johnson,1627744
343,2982332,Rodney Purvis,1628681
344,2982334,T.J. Warren,203933
345,2982340,Justin Anderson,1626147
346,2982349,Tyler Cavanaugh,1628463
347,2983512,Xavier Munford,204098
348,2983551,Joel Bolomboy,1627762
349,2983727,RJ Hunter,1626154
350,2988387,Charles Cooke,1628429
351,2990962,Taurean Prince,1627752
352,2990968,Naz Mitrou-Long,1628513
353,2990969,Georges Niang,1627777
354,2990972,Andrew White III,1628510
355,2990984,Buddy Hield,1627741
356,2990992,Marcus Smart,203935
357,2991011,Gabe York,1628221
358,2991018,Yogi Ferrell,1627812
359,2991039,Glenn Robinson III,203922
360,2991042,Nik Stauskas,203917
361,2991043,Caris LeVert,1627747
362,2991047,Ryan Arcidiacono,1627853
363,2991054,Mangok Mathiang,1628493
364,2991055,Montrezl Harrell,1626149
365,2991070,Jerami Grant,203924
366,2991139,Kris Dunn,1627739
367,2991149,Damyean Dotson,1628422
368,2991155,Danuel House Jr.,1627863
369,2991184,Sam Dekker,1626155
370,2991230,Fred VanVleet,1627832
371,2991235,Steven Adams,203500
372,2991255,Michael Frazier II,1626187
373,2991274,Shaquille Harrison,1627885
374,2991280,Nerlens Noel,203457
375,2991282,Willie Cauley-Stein,1626161
376,2991283,Alex Poythress,1627816
377,2991350,Alex Caruso,1627936
378,2992564,Milton Doyle,1628495
379,2993370,Richaun Holmes,1626158
380,2993874,Kyle Anderson,203937
381,2993875,Shabazz Muhammad,203498
382,2994165,Erik McCree,1628571
383,2994526,Bryn Forbes,1627854
384,2995702,Alex Abrines,203518
385,2995706,Mario Hezonja,1626209
386,2999409,Willy Hernangomez,1626195
387,2999546,Matt Costello,1627856
388,2999547,Gary Harris,203914
389,2999549,Denzel Valentine,1627756
390,3001308,Josh Gray,1627982
391,3002137,Tyrone Wallace,1627820
392,3032976,Rudy Gobert,203497
393,3032977,Giannis Antetokounmpo,203507
394,3032980,Lucas Nogueira,203512
395,3037805,Axel Toupane,1626253
396,3056245,Malcolm Hill,1630792
397,3056247,Kendrick Nunn,1629134
398,3056273,Derrick Walton Jr.,1628476
399,3056600,Jabari Parker,203953
400,3056602,Semi Ojeleye,1628400
401,3057187,Sterling Brown,1628425
402,3057189,Ben Moore,1628500
403,3057198,Brandon Goodwin,1629164
404,3058030,Paul Watson,1628778
405,3058254,Christian Wood,1626174
406,3058269,Joe Chealey,1629147
407,3059262,Davon Reed,1628432
408,3059273,Demetrius Jackson,1627743
409,3059276,Jamel Artis,1628503
410,3059280,BJ Johnson,1629168
411,3059281,Tyler Ennis,203898
412,3059285,Devon Hall,1628985
413,3059306,Johnathan Motley,1628405
414,3059307,Ish Wainright,1630688
415,3059311,Matt Thomas,1629744
416,3059315,Frank Mason III,1628412
417,3059318,Joel Embiid,203954
418,3059319,Andrew Wiggins,203952
419,3059336,Isaiah Taylor,1627819
420,3059358,Deonte Burton,1629126
421,3059409,Nigel Hayes,1628502
422,3062667,DeAndre' Bembry,1627761
423,3062679,Josh Hart,1628404
424,3062744,David Nwaba,1628021
425,3062892,Kay Felder,1627770
426,3062897,Alec Peters,1628409
427,3064230,Cameron Payne,1626166
428,3064237,Antonius Cleveland,1628499
429,3064290,Aaron Gordon,203932
430,3064291,Rondae Hollis-Jefferson,1626178
431,3064308,Jabari Bird,1628444
432,3064320,George King,1628994
433,3064427,Jordan Bell,1628395
434,3064440,Zach LaVine,203897
435,3064447,Delon Wright,1626153
436,3064457,Nigel Williams-Goss,1628430
437,3064482,Bobby Portis,1626171
438,3064509,James Young,203923
439,3064510,Aaron Harrison,1626151
440,3064511,Andrew Harrison,1626150
441,3064514,Julius Randle,203944
442,3064516,Dakari Johnson,1626177
443,3064517,Jarell Martin,1626185
444,3064520,Jordan Mickey,1626175
445,3064528,Johnathan Williams,1629140
446,3064539,Sindarius Thornwell,1628414
447,3064559,Damian Jones,1627745
448,3064560,Luke Kornet,1628436
449,3074213,Omer Yurtseven,1630209
450,3074743,Troy Caupain,1628505
451,3074748,Amida Brimah,1628578
452,3074752,Terry Rozier,1626179
453,3074765,Isaiah Hicks,1628439
454,3074797,Wes Iwundu,1628411
455,3078284,Noah Vonleh,203943
456,3078286,Troy Williams,1627786
457,3078576,Derrick White,1628401
458,3079021,James Webb III,1627821
459,3102529,Clint Capela,203991
460,3102533,Thanasis Antetokounmpo,203648
461,3113297,Bruno Caboclo,203998
462,3113587,Cristiano Felicio,1626245
463,3129674,Donte Grantham,1629055
464,3129932,Xavier Cooks,1641645
465,3129951,Elijah Bryant,1629091
466,3132042,Gary Clark,1629109
467,3133596,Kelan Martin,1629103
468,3133601,Devonte' Graham,1628984
469,3133602,Svi Mykhailiuk,1629004
470,3133603,Kelly Oubre Jr.,1626162
471,3133626,Kenrich Williams,1629026
472,3133628,Myles Turner,1626167
473,3133635,Jevon Carter,1628975
474,3133817,Eric Paschall,1629672
475,3133838,Yuta Watanabe,1629139
476,3133843,Jared Terrell,1629123
477,3133874,Jaylen Adams,1629121
478,3134880,Kadeem Allen,1628443
479,3134881,Stanley Johnson,1626169
480,3134903,Gary Payton II,1627780
481,3134907,Kyle Kuzma,1628398
482,3134908,Jakob Poeltl,1627751
483,3134916,Jordan McLaughlin,1629162
484,3134932,John Konchar,1629723
485,3135045,Grayson Allen,1628960
486,3135046,Tyus Jones,1626145
487,3135047,Justise Winslow,1626159
488,3135048,Jahlil Okafor,1626143
489,3136183,Yante Maten,1628999
490,3136193,Devin Booker,1626164
491,3136194,Tyler Ulis,1627755
492,3136195,Karl-Anthony Towns,1626157
493,3136196,Trey Lyles,1626168
494,3136477,Isaiah Whitehead,1627785
495,3136479,Angel Delgado,1629116
496,3136483,J.P. Macura,1629122
497,3136485,Edmond Sumner,1628410
498,3136491,D.J. Wilson,1628391
499,3136696,Wade Baldwin IV,1627735
500,3136746,Vic Law,1629724
501,3136776,D'Angelo Russell,1626156
502,3136777,Jae'Sean Tate,1630256
503,3136779,Keita Bates-Diop,1628966
504,3136989,Vincent Edwards,1629053
505,3137259,Gabe Vincent,1629216
506,3137713,Zylan Cheatham,1629597
507,3137730,Patrick McCaw,1627775
508,3137733,Rashad Vaughn,1626173
509,3137795,Chris Chiozza,1629185
510,3137798,Devin Robinson,1628421
511,3138120,Mindaugas Kuzminskas,1627851
512,3138154,Theo Pinson,1629033
513,3138156,Justin Jackson,1628382
514,3138160,Caleb Martin,1628997
515,3138161,Cody Martin,1628998
516,3138192,Bonzie Colson,1629045
517,3138196,Cameron Johnson,1629661
518,3138201,Marial Shayok,1629621
519,3143565,Kevin Hervey,1628987
520,3146557,Jock Landale,1629111
521,3147351,Daniel Hamilton,1627772
522,3147366,Chinanu Onuaku,1627778
523,3147657,Mikal Bridges,1628969
524,3149010,Chandler Hutchison,1628990
525,3149036,Matt Mooney,1629760
526,3149059,Tariq Owens,1629745
527,3149673,Pascal Siakam,1627783
528,3150844,Moritz Wagner,1629021
529,3152335,Keljin Blevins,1629833
530,3153165,Chris McCullough,1626191
531,3155526,Dillon Brooks,1628415
532,3155533,Jonah Bolden,1628413
533,3155535,Kevon Looney,1626172
534,3155536,Thomas Welsh,1629118
535,3155942,Domantas Sabonis,1627734
536,3157465,Duncan Robinson,1629130
537,3892818,Emmanuel Mudiay,1626144
538,3892894,Zhou Qi,1627753
539,3893014,Sasha Vezenkov,1628426
540,3893016,Cedi Osman,1626224
541,3893019,Timothe Luwawu-Cabarrot,1627789
542,3893023,Paul Zipser,1627835
543,3893059,Anzejs Pasecniks,1628394
544,3899664,Simone Fontecchio,1631323
545,3904625,Tacko Fall,1629605
546,3906603,Chris Clemons,1629598
547,3906665,Brandon Clarke,1629634
548,3906671,Caleb Swanigan,1628403
549,3906786,Dylan Windler,1629685
550,3906977,Devin Cannady,1629962
551,3907358,Quinndary Weatherspoon,1629683
552,3907385,Brandon Sampson,1629102
553,3907386,Antonio Blakeney,1628469
554,3907387,Ben Simmons,1627732
555,3907408,Donta Hall,1629743
556,3907487,Marquese Chriss,1627737
557,3907497,Dejounte Murray,1627749
558,3907498,Matisse Thybulle,1629680
559,3907525,Allonzo Trier,1629019
560,3907788,Jeremiah Martin,1629725
561,3907821,Dwayne Bacon,1628407
562,3907822,Malik Beasley,1627736
563,3907823,Terance Mann,1629611
564,3908336,Matt Ryan,1630346
565,3908807,Deng Adel,1629061
566,3908809,Donovan Mitchell,1628378
567,3908819,Rayjon Tucker,1629730
568,3908845,John Collins,1628381
569,3908903,Sean McDermott,1630253
570,3911566,Justin Wright-Foreman,1629625
571,3911666,Luis Montero,1626242
572,3911893,Jack McVeigh,1629098
573,3912278,Josh Reaves,1629729
574,3912295,Grant Riller,1630203
575,3912332,Justin Patton,1628383
576,3912334,Khyri Thomas,1629017
577,3912848,Dean Wade,1629731
578,3912854,Jawun Evans,1628393
579,3913174,Luke Kennard,1628379
580,3913176,Brandon Ingram,1627742
581,3913180,Garrison Mathews,1629726
582,3913220,DaQuan Jeffries,1629610
583,3913546,Melvin Frazier Jr.,1628982
584,3914044,Landry Shamet,1629013
585,3914075,Xavier Moon,1629875
586,3914283,Chimezie Metu,1629002
587,3914285,Drew Eubanks,1629234
588,3915195,Shake Milton,1629003
589,3915560,Tyler Dorsey,1628416
590,3917376,Jaylen Brown,1627759
591,3917378,Ivan Rabb,1628397
592,3918423,Admiral Schofield,1629678
593,3918424,Kyle Alexander,1629734
594,3919335,Cheick Diallo,1627767
595,3919347,Chima Moneke,1631320
596,3919454,Terence Davis,1629056
597,3922230,Aaron Holiday,1628988
598,3923250,PJ Dozier,1628408
599,3923253,Chris Silva,1629735
600,3926491,Isaac Humphries,1629353
601,3929314,Nicolas Brussino,1627852
602,3929321,Gabriel Deck,1630466
603,3929325,Furkan Korkmaz,1627788
604,3934621,Jacob Evans,1628980
605,3934662,Tyler Lydon,1628399
606,3934663,Malachi Richardson,1627781
607,3934670,Marcus Derrickson,1629094
608,3934672,Jalen Brunson,1628973
609,3934673,Donte DiVincenzo,1628978
610,3934719,OG Anunoby,1628384
611,3934721,Juwan Morgan,1629752
612,3934723,Thomas Bryant,1628418
613,3936099,Derrick Jones Jr.,1627884
614,3936296,Skal Labissiere,1627746
615,3936298,Mychal Mulder,1628539
616,3936299,Jamal Murray,1627750
617,3937101,Deyonta Davis,1627738
618,3943606,Jerome Robinson,1629010
619,3946974,Devontae Cacok,1629719
620,3947156,Mamadi Diakite,1629603
621,3948153,Chris Boucher,1628449
622,3952343,Jaylen Morris,1628537
623,4011991,Dragan Bender,1627733
624,4017837,Ivica Zubac,1627826
625,4017838,Ante Zizic,1627790
626,4017839,Juancho Hernangomez,1627823
627,4017843,Thon Maker,1627748
628,4017844,Guerschon Yabusele,1627824
629,4017846,Georgios Papagiannis,1627834
630,4064727,Josh Magette,203705
631,4064730,Tim Quarterman,1627817
632,4065635,Ky Bowman,1629065
633,4065648,Jayson Tatum,1628369
634,4065649,Harry Giles III,1628385
635,4065651,Frank Jackson,1628402
636,4065652,Marques Bolden,1629716
637,4065653,Jack White,1631298
638,4065654,Jonathan Isaac,1628371
639,4065656,Trent Forrest,1630235
640,4065660,Mfiondu Kabengele,1629662
641,4065663,Josh Okogie,1629006
642,4065670,Bruce Brown,1628971
643,4065672,Dewan Hernandez,1629608
644,4065673,Tony Bradley,1628396
645,4065697,Dennis Smith Jr.,1628372
646,4065730,Kyle Guy,1629657
647,4065731,Jay Huff,1630643
648,4065732,De'Andre Hunter,1629631
649,4065733,Ty Jerome,1629660
650,4065778,Max Strus,1629622
651,4065804,Sam Hauser,1630573
652,4065805,Markus Howard,1630210
653,4065816,Myles Powell,1629619
654,4065836,Omari Spellman,1629016
655,4066211,Robert Williams III,1629057
656,4066212,Jordan Bone,1629648
657,4066218,Grant Williams,1629684
658,4066240,Braxton Key,1630296
659,4066248,Jared Harper,1629607
660,4066259,De'Aaron Fox,1628368
661,4066261,Bam Adebayo,1628389
662,4066262,Malik Monk,1628370
663,4066264,Wenyen Gabriel,1629117
664,4066268,Duop Reath,1641871
665,4066269,Skylar Mays,1630219
666,4066297,Josh Jackson,1628367
667,4066299,Udoka Azubuike,1628962
668,4066303,Xavier Sneed,1630270
669,4066317,Lindy Waters III,1630322
670,4066320,Desmond Bane,1630217
671,4066328,Jarrett Allen,1628386
672,4066334,Rawle Alkins,1628959
673,4066335,Kobi Simmons,1628424
674,4066336,Lauri Markkanen,1628374
675,4066354,Payton Pritchard,1630202
676,4066367,Tyler Cook,1629076
677,4066372,Kevin Huerter,1628989
678,4066382,Cassius Winston,1630216
679,4066383,Miles Bridges,1628970
680,4066387,Amir Coffey,1629599
681,4066392,Isaiah Roby,1629676
682,4066399,Micah Potter,1630695
683,4066405,Lamar Stevens,1630205
684,4066407,Carsen Edwards,1629035
685,4066410,Eugene Omoruyi,1630647
686,4066421,Lonzo Ball,1628366
687,4066424,Ike Anigbogu,1628387
688,4066425,T.J. Leaf,1628388
689,4066436,De'Anthony Melton,1629001
690,4066446,Elijah Hughes,1630190
691,4066450,Armoni Brooks,1629717
692,4066457,Austin Reaves,1630559
693,4066467,Malik Fitts,1630238
694,4066490,Kostas Antetokounmpo,1628961
695,4066508,Charlie Brown Jr.,1629718
696,4066636,Markelle Fultz,1628365
697,4066648,Rui Hachimura,1629060
698,4066650,Zach Collins,1628380
699,4066651,Killian Tillie,1629681
700,4066668,Malachi Flynn,1630201
701,4066731,Jalen McDaniels,1629667
702,4066736,Jordan Ford,1630259
703,4066757,Sam Merrill,1630241
704,4066786,Jeff Dowtin Jr.,1630288
705,4066790,Anthony Lamb,1630237
706,4066808,Taze Moore,1631386
707,4066851,Miye Oni,1629671
708,4066993,Dru Smith,1630696
709,4067017,A.J. Lawson,1630639
710,4067045,Alize Johnson,1628993
711,4067069,Nate Darling,1630268
712,4067325,Nathan Knight,1630233
713,4067469,Jemerrio Jones,1629203
714,4067735,Carlik Jones,1630637
715,4067858,Kevon Harris,1630284
716,4080610,Hamidou Diallo,1628977
717,4222252,Isaiah Hartenstein,1628392
718,4230546,Terrance Ferguson,1628390
719,4230547,Frank Ntilikina,1628373
720,4230548,Rodions Kurucs,1629066
721,4230550,Elie Okobo,1629059
722,4230551,Arnoldas Kulboka,1629083
723,4230554,Marko Guduric,1629741
724,4237215,Vincent Poirier,1629738
725,4237239,William Howard,1629739
726,4277811,Collin Sexton,1629012
727,4277812,Alex Reese,1642024
728,4277813,Herbert Jones,1630529
729,4277842,Trevon Duval,1628979
730,4277843,Gary Trent Jr.,1629018
731,4277847,Wendell Carter Jr.,1628976
732,4277848,Marvin Bagley III,1628963
733,4277850,RaiQuan Gray,1630564
734,4277869,Jose Alvarado,1630631
735,4277871,Moses Wright,1630589
736,4277880,Malik Williams,1642013
737,4277882,Brian Bowen II,1628968
738,4277883,Jordan Nwora,1629670
739,4277886,Freddie Gillespie,1630273
740,4277887,Lindell Wigginton,1629623
741,4277890,Lonnie Walker IV,1629022
742,4277892,Marcus Garrett,1630585
743,4277905,Trae Young,1629027
744,4277919,Mo Bamba,1628964
745,4277922,Jericho Sims,1630579
746,4277923,Zhaire Smith,1629015
747,4277928,Jarrett Culver,1629633
748,4277951,Luka Garza,1630568
749,4277952,Bruno Fernando,1628981
750,4277956,Jordan Poole,1629673
751,4277957,Isaiah Livers,1630587
752,4277961,Jaren Jackson Jr.,1628991
753,4277964,Xavier Tillman,1630214
754,4278031,Oshae Brissett,1629052
755,4278045,Chaundee Brown Jr.,1630602
756,4278046,Olivier Sarr,1630846
757,4278049,Daniel Gafford,1629655
758,4278052,Chuma Okeke,1629643
759,4278053,Davion Mitchell,1630558
760,4278067,Nic Claxton,1629651
761,4278073,Shai Gilgeous-Alexander,1628983
762,4278075,Kevin Knox II,1628995
763,4278076,Nick Richards,1630208
764,4278077,Jarred Vanderbilt,1629020
765,4278078,P.J. Washington,1629023
766,4278080,Tremont Waters,1629682
767,4278103,Jontay Porter,1629007
768,4278104,Michael Porter Jr.,1629008
769,4278111,Justin Minaya,1631303
770,4278116,Yves Pons,1630582
771,4278124,Saben Lee,1630240
772,4278129,Deandre Ayton,1629028
773,4278355,Obi Toppin,1630167
774,4278378,Jacob Gilyard,1631367
775,4278402,Jordan Goodwin,1630692
776,4278502,Tyler Bey,1630189
777,4278507,McKinley Wright IV,1630593
778,4278508,Troy Brown Jr.,1628972
779,4278521,KZ Okpala,1629644
780,4278541,Jaylen Nowell,1629669
781,4278555,Ty-Shon Alexander,1630234
782,4278562,Paul Reed,1630194
783,4278566,Jamorko Pickett,1630691
784,4278572,Jamal Cain,1631288
785,4278580,Sandro Mamukelashvili,1630572
786,4278585,Collin Gillespie,1631221
787,4278588,Jermaine Samuels Jr.,1631257
788,4278594,Naji Marshall,1630230
789,4278707,Jordan Schakel,1630648
790,4279118,Keaton Wallace,1630811
791,4279318,Daeqwon Plowden,1631342
792,4279532,Stanley Umude,1630649
793,4279815,Terry Taylor,1630678
794,4279888,Ja Morant,1629630
795,4280151,Corey Kispert,1630557
796,4280245,Jamaree Bouyea,1631123
797,4291678,Haywood Highsmith,1629312
798,4348696,Dzanan Musa,1629058
799,4348697,Isaac Bonga,1629067
800,4348700,Goga Bitadze,1629048
801,4349241,Adam Mokoka,1629690
802,4351851,Anfernee Simons,1629014
803,4351852,Mitchell Robinson,1629011
804,4395620,Hunter Tyson,1641816
805,4395623,Trey Jemison III,1641998
806,4395625,RJ Barrett,1629628
807,4395626,Tre Jones,1630200
808,4395627,Cam Reddish,1629629
809,4395628,Zion Williamson,1629627
810,4395630,Devin Vassell,1630170
811,4395650,Leaky Black,1641778
812,4395651,Coby White,1629632
813,4395652,Nassir Little,1629642
814,4395676,Buddy Boeheim,1631205
815,4395688,Jaylen Hoard,1629658
816,4395695,Jared Butler,1630215
817,4395698,Kira Lewis Jr.,1630184
818,4395702,Isaiah Joe,1630198
819,4395704,Mason Jones,1630222
820,4395712,Andrew Nembhard,1629614
821,4395714,Keyontae Johnson,1641749
822,4395722,Ashton Hagans,1630204
823,4395723,Keldon Johnson,1629640
824,4395724,Immanuel Quickley,1630193
825,4395725,Tyler Herro,1629639
826,4396629,Nate Hinton,1630207
827,4396638,Feron Hunt,1630624
828,4396818,Jordan Miller,1641757
829,4396907,Darius Garland,1629636
830,4396909,Aaron Nesmith,1630174
831,4396959,Reggie Perry,1629617
832,4396961,Robert Woodard II,1630218
833,4396971,Naz Reid,1629675
834,4396972,Javonte Smart,1630606
835,4396978,Darius Days,1630620
836,4396991,Talen Horton-Tucker,1629659
837,4396993,Tyrese Haliburton,1630169
838,4397002,Ayo Dosunmu,1630245
839,4397008,Romeo Langford,1629641
840,4397014,Quentin Grimes,1629656
841,4397016,Devon Dotson,1629653
842,4397018,Ochai Agbaji,1630534
843,4397020,Luguentz Dort,1629652
844,4397033,Joe Wieskamp,1630580
845,4397040,Brandon Williams,1630314
846,4397071,Mac McClung,1630644
847,4397077,Jaxson Hayes,1629637
848,4397102,Bol Bol,1629626
849,4397103,Louis King,1629663
850,4397107,David Duke Jr.,1630561
851,4397119,Jared Rhoden,1631197
852,4397126,Moses Brown,1629650
853,4397127,Jules Bernard,1631262
854,4397134,Cole Swider,1631306
855,4397136,Saddiq Bey,1630180
856,4397140,Kevin Porter Jr.,1629645
857,4397166,CJ Elleby,1629604
858,4397179,Tyrese Martin,1631213
859,4397183,Aaron Wiggins,1630598
860,4397189,Jalen Smith,1630188
861,4397204,Colin Castleton,1630658
862,4397205,Ignas Brazdeikis,1629649
863,4397215,Daniel Oturu,1630187
864,4397227,Vince Williams Jr.,1631246
865,4397233,Pete Nance,1631250
866,4397235,Duane Washington Jr.,1630613
867,4397251,Ron Harper Jr.,1631199
868,4397347,Liam Robbins,1641857
869,4397424,Neemias Queta,1629674
870,4397449,Elijah Harkless,1641989
871,4397475,AJ Green,1631260
872,4397511,Javon Freeman-Liberty,1631241
873,4397650,Andrew Funk,1641847
874,4397654,Adam Flagler,1641745
875,4397688,Trey Murphy III,1630530
876,4397689,Drew Peterson,1641809
877,4397693,Kessler Edwards,1630556
878,4397821,Nate Williams,1631466
879,4397882,Tolu Smith,1642449
880,4397885,Dalano Banton,1630625
881,4397886,Charles Bassey,1629646
882,4397916,Jason Preston,1630554
883,4398207,Jalen Slawson,1641771
884,4398390,Jalen Pickett,1629618
885,4401415,Alen Smailagic,1629346
886,4401416,Juan Toscano-Anderson,1629308
887,4407254,Brodric Thomas,1630271
888,4409222,Trevelin Queen,1630243
889,4411057,Kevin McCullar Jr.,1641755
890,4423309,Luka Samanic,1629677
891,4423314,Sekou Doumbouya,1629635
892,4423545,Darius Bazley,1629647
893,4423883,Deividas Sirvydis,1629686
894,4423884,Henri Drell,1630929
895,4423885,Didi Louzada,1629712
896,4423887,Jalen Lecque,1629665
897,4431669,Vernon Carey Jr.,1630176
898,4431671,Jaden McDaniels,1630183
899,4431672,Nico Mannion,1630185
900,4431673,Matt Hurt,1630562
901,4431675,Trendon Watford,1630570
902,4431678,Tyrese Maxey,1630178
903,4431679,Precious Achiuwa,1630173
904,4431680,Onyeka Okongwu,1630168
905,4431684,Trayce Jackson-Davis,1631218
906,4431686,Cassius Stanley,1630199
907,4431687,Patrick Williams,1630172
908,4431688,Jahmi'us Ramsey,1630186
909,4431689,Keion Brooks Jr.,1631232
910,4431690,Zeke Nnaji,1630192
911,4431699,Kai Jones,1630539
912,4431705,Anton Watson,1641817
913,4431712,James Bouknight,1630547
914,4431714,Jalen Wilson,1630592
915,4431720,Lester Quinones,1631311
916,4431727,Isaiah Wong,1631209
917,4431736,Toumani Camara,1641739
918,4431747,Tyrell Terry,1630179
919,4431752,Kobe Brown,1641738
920,4431767,Christian Braun,1631128
921,4431775,Seth Lundy,1641754
922,4431778,Christian Koloko,1631132
923,4431785,Scotty Pippen Jr.,1630590
924,4431786,Keshad Johnson,1642352
925,4431811,Dereon Seabron,1631220
926,4431816,Jesse Edwards,1642399
927,4431823,Miles McBride,1630540
928,4431828,KJ Martin,1630231
929,4431893,Jamison Battle,1642419
930,4431941,RayJ Dennis,1642484
931,4432070,Quincy Olivari,1642439
932,4432107,Marcus Sasser,1631204
933,4432117,Isaiah Stevens,1641815
934,4432158,Evan Mobley,1630596
935,4432161,Greg Brown III,1630535
936,4432162,Brandon Boston,1630527
937,4432164,Jaden Springer,1630531
938,4432165,Jalen Suggs,1630591
939,4432166,Cade Cunningham,1630595
940,4432168,Josh Christopher,1630528
941,4432170,Isaiah Jackson,1630543
942,4432171,Moses Moody,1630541
943,4432173,Sharife Cooper,1630536
944,4432174,Cam Thomas,1630560
945,4432176,Daishen Nix,1630227
946,4432179,MarJon Beauchamp,1630699
947,4432181,Julian Strawther,1631124
948,4432187,Reece Beekman,1641736
949,4432190,Andre Jackson Jr.,1641748
950,4432192,Keon Johnson,1630553
951,4432194,Day'Ron Sharpe,1630549
952,4432241,Jamal Shead,1642347
953,4432247,Jaylen Clark,1641740
954,4432356,Johnny Davis,1631098
955,4432446,Jabari Walker,1631133
956,4432573,Paolo Banchero,1631094
957,4432582,Max Christie,1631108
958,4432585,AJ Griffin,1631100
959,4432588,John Butler Jr.,1631219
960,4432639,Jabari Smith Jr.,1631095
961,4432645,Trevor Keels,1631211
962,4432646,Kennedy Chandler,1631113
963,4432735,Dariq Whitehead,1641727
964,4432808,James Wiseman,1630164
965,4432809,Cole Anthony,1630175
966,4432810,Isaiah Stewart,1630191
967,4432811,Josh Green,1630182
968,4432812,Scottie Lewis,1630575
969,4432813,Jeremiah Robinson-Earl,1630526
970,4432815,Isaiah Mobley,1630600
971,4432816,LaMelo Ball,1630163
972,4432817,Johnny Juzang,1630548
973,4432819,Tre Mann,1630544
974,4432820,D.J. Carton,1630618
975,4432821,E.J. Liddell,1630604
976,4432822,Isaac Okoro,1630171
977,4432823,Jaylin Williams,1631119
978,4432827,Oscar Tshiebwe,1631131
979,4432847,Terrence Shannon Jr.,1630545
980,4432848,Jaime Jaquez Jr.,1631170
981,4432872,Emanuel Miller,1641801
982,4432907,Justin Champagnie,1630551
983,4432946,Jalen Bridges,1641779
984,4432971,Alex Ducas,1642505
985,4433076,Ben Sheppard,1641767
986,4433083,Cam Spencer,1642285
987,4433134,Scottie Barnes,1630567
988,4433136,Walker Kessler,1631117
989,4433137,Ziaire Williams,1630533
990,4433157,Josh Hall,1630221
991,4433159,Dalen Terry,1631207
992,4433188,Devin Carter,1642269
993,4433192,Tari Eason,1631106
994,4433218,Jaden Ivey,1631093
995,4433225,Tyler Kolek,1642278
996,4433246,Patrick Baldwin Jr.,1631116
997,4433247,Jonathan Kuminga,1630228
998,4433249,Moussa Diabate,1631217
999,4433254,Kendall Brown,1631112
1000,4433255,Chet Holmgren,1631096
1001,4433268,Trey Alexander,1641725
1002,4433287,Brandon Miller,1641706
1003,4433378,Colby Jones,1641732
1004,4433618,Harrison Ingram,1631127
1005,4433620,Emoni Bates,1641734
1006,4433621,Jalen Duren,1631105
1007,4433622,Chris Livingston,1641753
1008,4433623,Caleb Houstan,1631216
1009,4433626,Jalen Hood-Schifino,1641720
1010,4433627,Keyonte George,1641718
1011,4437244,Jalen Green,1630224
1012,4438552,Onuralp Bitim,1641931
1013,4565201,Malaki Branham,1631103
1014,4566434,Franz Wagner,1630532
1015,4576085,JD Davison,1631120
1016,4576086,Bryce McGowens,1631121
1017,4576087,Peyton Watson,1631212
1018,4585610,Kenneth Lofton Jr.,1631254
1019,4590530,R.J. Hampton,1630181
1020,4591725,Ryan Rollins,1631157
1021,4592187,Wendell Moore Jr.,1631111
1022,4592204,David Johnson,1630525
1023,4592216,Alondes Williams,1631214
1024,4592304,Donovan Williams,1631495
1025,4592401,N'Faly Dante,1642368
1026,4592402,Chris Duarte,1630537
1027,4592427,Spencer Jones,1642461
1028,4592435,Branden Carlson,1642382
1029,4592461,Jacob Toppin,1631210
1030,4592479,Julian Champagnie,1630577
1031,4592492,Bones Hyland,1630538
1032,4592686,Antonio Reeves,1641810
1033,4592691,Jake LaRavia,1631222
1034,4592699,Enrique Freeman,1642402
1035,4592714,Pat Spencer,1630311
1036,4592829,Quenton Jackson,1631245
1037,4592857,Isaiah Crawford,1642384
1038,4592933,Mouhamadou Gueye,1631338
1039,4592965,Tristen Newton,1641803
1040,4592979,Zyon Pullin,1642389
1041,4593016,Quinten Post,1642366
1042,4593041,David Roddy,1631223
1043,4593049,Orlando Robinson,1631115
1044,4593125,Santi Aldama,1630583
1045,4593803,Jalen Williams,1631114
1046,4593841,Baylor Scheierman,1631248
1047,4594268,Anthony Edwards,1630162
1048,4594326,Kris Murray,1631200
1049,4594327,Keegan Murray,1631099
1050,4595400,Olivier-Maxence Prosper,1641765
1051,4597865,Tosan Evbuomwan,1641787
1052,4600663,Zach Edey,1641744
1053,4601023,Oso Ighodaro,1642345
1054,4601025,Pelle Larsson,1641796
1055,4610139,Jeremy Sochan,1631110
1056,4683018,Aleksej Pokusevski,1630197
1057,4683021,Deni Avdija,1630166
1058,4683023,Jay Scrubb,1630206
1059,4683024,Killian Hayes,1630165
1060,4683025,Leandro Bolmaro,1630195
1061,4683027,Theo Maledon,1630177
1062,4683622,Marko Simonovic,1630250
1063,4683634,Bennedict Mathurin,1631097
1064,4683678,Scoot Henderson,1630703
1065,4683686,Nick Smith Jr.,1641733
1066,4683688,Dereck Lively II,1641726
1067,4683689,Jordan Walsh,1641775
1068,4683692,Cason Wallace,1641717
1069,4683736,Kobe Bufkin,1641723
1070,4683747,Jaylon Tyson,1642281
1071,4683749,TyTy Washington Jr.,1631102
1072,4683750,Jordan Hawkins,1641722
1073,4683766,Isaiah Collier,1642268
1074,4683771,Ronald Holland II,1641842
1075,4683774,Bronny James,1642355
1076,4683778,Jared McCain,1642272
1077,4683834,KJ Simpson,1642354
1078,4683935,Blake Wesley,1631104
1079,4683940,Terquavion Smith,1631173
1080,4684272,Ja'Kobe Walter,1642266
1081,4684275,Rob Dillingham,1642265
1082,4684286,Maxwell Lewis,1641721
1083,4684737,Jaylen Martin,1641798
1084,4684740,Amen Thompson,1641708
1085,4684742,Ausar Thompson,1641709
1086,4684793,Kyle Filipowski,1642271
1087,4684806,Taylor Hendricks,1641707
1088,4687718,Josh Minott,1631169
1089,4701225,PJ Hall,1641790
1090,4701230,Jalen Johnson,1630552
1091,4701232,Mark Williams,1631109
1092,4701233,Craig Porter Jr.,1641854
1093,4701234,Ricky Council IV,1641741
1094,4702023,Adama Sanogo,1641766
1095,4702159,Dillon Jones,1641794
1096,4702176,Joshua Primo,1630563
1097,4702177,Keon Ellis,1631165
1098,4702233,JT Thor,1630550
1099,4702382,Tristan da Silva,1641783
1100,4708972,Jazian Gortman,1641789
1101,4709138,Brandin Podziemski,1641764
1102,4711272,Reed Sheppard,1642263
1103,4711294,Matas Buzelis,1641824
1104,4711297,Justin Edwards,1642348
1105,4712849,Anthony Black,1641710
1106,4712863,Mouhamed Gueye,1631243
1107,4712896,Noah Clowney,1641730
1108,4715198,Isaiah Todd,1630225
1109,4845363,Cam Christie,1642353
1110,4845367,Stephon Castle,1642264
1111,4868423,Jaden Hardy,1630702
1112,4869342,Dyson Daniels,1630700
1113,4870562,Dominick Barlow,1631230
1114,4871140,Ibou Badji,1630641
1115,4871141,Ariel Hukporti,1630574
1116,4871143,Usman Garuba,1630586
1117,4871144,Alperen Sengun,1630578
1118,4871145,Josh Giddey,1630581
1119,4888725,Ryan Dunn,1642346
1120,4895758,Cody Williams,1642262
1121,4896481,Alex Fudge,1641788
1122,4897449,Malevy Leons,1642502
1123,4897943,Dalton Knecht,1642261
1124,4900671,Ajay Mitchell,1642349
1125,4906923,Bobi Klintman,1641752
1126,4914336,Shaedon Sharpe,1631101
1127,4981257,Gabriel Lundberg,1630994
1128,4997526,Ousmane Dieng,1631172
1129,4997536,Gui Santos,1630611
1130,4997537,Tristan Vukcevic,1641774
1131,4997539,Luke Travers,1631247
1132,5044385,Leonard Miller,1631159
1133,5061589,Yves Missi,1642274
1134,5075393,Trevor Hudgins,1631309
1135,5081727,Sidy Cissoko,1631321
1136,5099752,Rayan Rupert,1641712
1137,5104155,Bilal Coulibaly,1641731
1138,5104156,Armel Traore,1642422
1139,5104157,Victor Wembanyama,1641705
1140,5105550,GG Jackson,1641713
1141,5105553,Julian Phillips,1641763
1142,5105565,Donovan Clingan,1642270
1143,5105592,Cam Whitmore,1641715
1144,5105623,Kel'el Ware,1642276
1145,5105637,Adem Bona,1641737
1146,5105638,Amari Bailey,1641735
1147,5105806,Jett Howard,1641724
1148,5105839,Brice Sensabaugh,1641729
1149,5106060,Jarace Walker,1641716
1150,5106258,Gradey Dick,1641711
1151,5107199,Daniss Jenkins,1642450
1152,5107818,Isaac Jones,1642403
1153,5107897,Jonathan Mogbo,1642367
1154,5112087,Jaylen Wells,1642377
1155,5157066,Johnny Furphy,1642277
1156,5159895,Yuki Kawamura,1642530
1157,5165257,Trentyn Flowers,1642280
1158,5167876,Tyler Smith,1641890
1159,5170947,AJ Johnson,1642358
1160,5174563,Kyshawn George,1642273
1161,5177362,Riley Minix,1642434
1162,5211175,Zaccharie Risacher,1642258
1163,5211983,Pacome Dadiet,1642359
1164,5211984,Ulrich Chomche,1642279
1165,3191,Corey Brewer,201147
1166,4260,Greg Monroe,202328
1167,6594,John Jenkins,203098
1168,2490589,Isaiah Canaan,203477
1169,3059316,Wayne Selden,1627782
1170,3906522,Henry Ellenson,1627740
1171,3908806,Ray Spalding,1629034
1172,4066243,Daryl Macon,1629133
1173,4236300,Mitchell Creek,1628249
1174,5160992,Alex Sarr,1642259
1175,3059356,Billy Garrett Jr.,1628656
1176,4376,Boban Marjanovic,1626246
1177,3037789,Bogdan Bogdanovic,203992
1178,3593,Bojan Bogdanovic,202711
1179,4845374,Bub Carrington,1642267
1180,3057240,Cameron Reynolds,1629244
1181,3102528,Dante Exum,203957
1182,3032978,Dario Saric,203967
1183,3032979,Dennis Schroder,203471
1184,6477,Jonas Valanciunas,202685
1185,3102530,Jusuf Nurkic,203994
1186,4997538,Karlo Matkovic,1631255
1187,3102531,Kristaps Porzingis,204001
1188,3945274,Luka Doncic,1629029
1189,3059310,Monte Morris,1628420
1190,1713,Nene ,2403
1191,3112335,Nikola Jokic,203999
1192,4997528,Nikola Jovic,1631107
1193,6478,Nikola Vucevic,202696
1194,4277916,RJ Nembhard Jr.,1630612
1195,5211176,Tidjane Salaun,1642275
1196,3102532,Vasilije Micic,203995
1197,4578893,Vit Krejci,1630249
1198,4230557,Vlatko Cancar,1628427
